,COL,LYM,COL_LYM,CERK,COL_CERK,LYM_CERK,ALL
0,AT5G67430,AT5G67440,AT4G27300,0.0,,,
1,AT5G67140,AT5G67400,AT2G41010,,,,
2,AT5G66910,AT5G66800,AT5G66320,,,,
3,AT5G66060,AT5G66631,AT5G64660,,,,
4,AT5G65870,AT5G66490,AT1G19770,,,,
5,AT5G64060,AT5G66200,AT1G11303,,,,
6,AT5G63770,AT5G66040,AT5G43620,,,,
7,AT5G61440,AT5G65690,AT1G67890,,,,
8,AT5G59990,AT5G65500,AT3G09405,,,,
9,AT5G59580,AT5G65160,AT2G32020,,,,
10,AT5G57230,AT5G64500,AT4G16957,,,,
11,AT5G54840,AT5G64450,AT3G05360,,,,
12,AT5G54650,AT5G64440,AT3G46090,,,,
13,AT5G53590,AT5G64130,AT5G46780,,,,
14,AT5G52810,AT5G63490,AT2G45920,,,,
15,AT5G52800,AT5G63160,AT1G63500,,,,
16,AT5G51400,AT5G62865,AT4G27500,,,,
17,AT5G45320,AT5G62720,AT3G16030,,,,
18,AT5G44565,AT5G61820,AT3G44400,,,,
19,AT5G44180,AT5G61530,AT3G21080,,,,
20,AT5G43470,AT5G61260,AT4G02210,,,,
21,AT5G38350,AT5G60800,AT3G54420,,,,
22,AT5G38310,AT5G60360,AT3G08710,,,,
23,AT5G27520,AT5G60280,AT3G25240,,,,
24,AT5G25180,AT5G59540,AT3G63500,,,,
25,AT5G25060,AT5G59030,AT1G53060,,,,
26,AT5G24400,AT5G58700,AT1G70740,,,,
27,AT5G21960,AT5G58630,AT3G29000,,,,
28,AT5G20840,AT5G58375,AT1G17147,,,,
29,AT5G18475,AT5G58320,AT1G35710,,,,
30,AT5G16200,AT5G58010,AT2G22870,,,,
31,AT5G09330,AT5G57910,AT4G12735,,,,
32,AT5G08135,AT5G57655,AT4G37290,,,,
33,AT5G06835,AT5G57630,AT1G24150,,,,
34,AT5G03330,AT5G57625,AT3G07565,,,,
35,AT5G01990,AT5G57550,AT4G02380,,,,
36,AT5G01630,AT5G57345,AT3G03050,,,,
37,AT5G00965,AT5G57060,AT1G21910,,,,
38,AT4G39900,AT5G56750,AT1G22190,,,,
39,AT4G37608,AT5G55120,AT1G51700,,,,
40,AT4G35730,AT5G54930,AT4G39830,,,,
41,AT4G30790,AT5G54850,AT2G40110,,,,
42,AT4G30097,AT5G54780,AT2G41640,,,,
43,AT4G27657,AT5G54510,AT4G23015,,,,
44,AT4G27654,AT5G54300,AT3G56410,,,,
45,AT4G26610,AT5G54110,AT1G66400,,,,
46,AT4G26270,AT5G53830,AT1G23830,,,,
47,AT4G26070,AT5G53300,AT3G25600,,,,
48,AT4G25360,AT5G52720,AT2G41420,,,,
49,AT4G23230,AT5G52580,AT3G49810,,,,
50,AT4G22530,AT5G52410,AT1G65190,,,,
51,AT4G18422,AT5G52320,AT3G07925,,,,
52,AT4G17660,AT5G52200,AT5G24110,,,,
53,AT4G15236,AT5G51970,AT4G35940,,,,
54,AT4G14860,AT5G50380,AT5G46350,,,,
55,AT4G13820,AT5G49770,AT2G23270,,,,
56,AT4G12290,AT5G49450,AT1G66910,,,,
57,AT4G12010,AT5G49360,AT2G20142,,,,
58,AT4G11050,AT5G49280,AT5G53050,,,,
59,AT4G05910,AT5G48390,AT1G20515,,,,
60,AT4G04920,AT5G48160,AT5G12930,,,,
61,AT4G01900,AT5G47200,AT3G26230,,,,
62,AT4G00730,AT5G46250,AT1G67530,,,,
63,AT3G63255,AT5G45430,AT4G16500,,,,
64,AT3G63060,AT5G45410,AT5G45240,,,,
65,AT3G61670,AT5G45260,AT2G46400,,,,
66,AT3G60550,AT5G45080,AT1G07630,,,,
67,AT3G57540,AT5G45050,AT5G08780,,,,
68,AT3G54950,AT5G44610,AT5G08790,,,,
69,AT3G52470,AT5G44572,AT2G39400,,,,
70,AT3G48850,AT5G44480,AT2G31345,,,,
71,AT3G46590,AT5G44380,AT1G56510,,,,
72,AT3G46080,AT5G44050,AT5G66480,,,,
73,AT3G45830,AT5G43740,AT5G18310,,,,
74,AT3G28690,AT5G43100,AT2G02450,,,,
75,AT3G27540,AT5G42870,AT4G23190,,,,
76,AT3G26190,AT5G42300,AT5G47230,,,,
77,AT3G25882,AT5G42140,AT2G41730,,,,
78,AT3G21230,AT5G42000,AT5G38900,,,,
79,AT3G21140,AT5G41990,AT1G04833,,,,
80,AT3G17920,AT5G41790,AT1G80850,,,,
81,AT3G17120,AT5G41730,AT2G44180,,,,
82,AT3G15700,AT5G41170,AT5G44090,,,,
83,AT3G13950,AT5G40690,AT1G67310,,,,
84,AT3G06890,AT5G40450,AT5G25050,,,,
85,AT3G06780,AT5G39590,AT5G52760,,,,
86,AT3G05650,AT5G39360,AT4G28550,,,,
87,AT3G05350,AT5G39110,AT2G29460,,,,
88,AT3G04580,AT5G38940,AT2G26975,,,,
89,AT3G01895,AT5G38280,AT5G25910,,,,
90,AT3G01320,AT5G38200,AT4G12710,,,,
91,AT2G48080,AT5G37740,AT3G03030,,,,
92,AT2G44070,AT5G37450,AT4G36030,,,,
93,AT2G42760,AT5G37070,AT3G28210,,,,
94,AT2G41800,AT5G36930,AT2G27260,,,,
95,AT2G41342,AT5G35190,AT2G43320,,,,
96,AT2G40150,AT5G28050,AT3G04110,,,,
97,AT2G39950,AT5G27840,AT4G38545,,,,
98,AT2G39710,AT5G27600,AT3G27010,,,,
99,AT2G37910,AT5G26910,AT3G61850,,,,
100,AT2G37810,AT5G26751,AT2G37430,,,,
101,AT2G36790,AT5G24600,AT2G29510,,,,
102,AT2G35660,AT5G24520,AT4G36500,,,,
103,AT2G35650,AT5G24160,AT5G54490,,,,
104,AT2G34250,AT5G23990,AT3G01820,,,,
105,AT2G31200,AT5G22410,AT5G65600,,,,
106,AT2G30010,AT5G22380,AT5G18360,,,,
107,AT2G28650,AT5G21940,AT5G58650,,,,
108,AT2G28510,AT5G20350,AT1G71890,,,,
109,AT2G27210,AT5G19860,AT3G15530,,,,
110,AT2G26600,AT5G19450,AT2G08745,,,,
111,AT2G26280,AT5G19110,AT5G27420,,,,
112,AT2G24320,AT5G19080,AT1G32960,,,,
113,AT2G23150,AT5G18220,AT2G08780,,,,
114,AT2G22490,AT5G16660,AT4G15800,,,,
115,AT2G22010,AT5G15930,AT2G39840,,,,
116,AT2G20340,AT5G14120,AT1G65484,,,,
117,AT2G18193,AT5G13760,AT1G50440,,,,
118,AT2G17050,AT5G12300,AT4G39910,,,,
119,AT2G16890,AT5G10410,AT1G16130,,,,
120,AT2G14290,AT5G10210,AT1G09560,,,,
121,AT2G09370,AT5G10190,AT1G09940,,,,
122,AT2G03830,AT5G10030,AT5G65300,,,,
123,AT2G03810,AT5G09790,AT5G11670,,,,
124,AT2G02930,AT5G09680,AT4G04540,,,,
125,AT1G79570,AT5G09155,AT3G16940,,,,
126,AT1G77250,AT5G07730,AT2G39110,,,,
127,AT1G76810,AT5G07440,AT5G58150,,,,
128,AT1G76040,AT5G07100,AT1G67060,,,,
129,AT1G75860,AT5G06750,AT3G47960,,,,
130,AT1G73010,AT5G06645,AT1G67470,,,,
131,AT1G71190,AT5G06640,AT3G59350,,,,
132,AT1G71030,AT5G06630,AT4G13510,,,,
133,AT1G69790,AT5G06570,AT2G25470,,,,
134,AT1G66465,AT5G06230,AT1G17255,,,,
135,AT1G65380,AT5G04310,AT1G51800,,,,
136,AT1G65240,AT5G03720,AT3G08760,,,,
137,AT1G63700,AT5G03210,AT3G19615,,,,
138,AT1G62305,AT5G02790,AT5G04175,,,,
139,AT1G61860,AT5G02780,AT1G68340,,,,
140,AT1G61610,AT5G02400,AT4G30240,,,,
141,AT1G59950,AT5G01750,AT1G71520,,,,
142,AT1G58400,AT4G39940,AT2G28210,,,,
143,AT1G56260,AT4G39820,AT5G57010,,,,
144,AT1G55390,AT4G39270,AT4G18210,,,,
145,AT1G54650,AT4G39220,AT2G22300,,,,
146,AT1G52550,AT4G39140,AT1G18210,,,,
147,AT1G51780,AT4G38470,AT3G19240,,,,
148,AT1G50180,AT4G38420,AT2G32200,,,,
149,AT1G49840,AT4G36945,AT1G72920,,,,
150,AT1G44120,AT4G36850,AT5G09855,,,,
151,AT1G35330,AT4G36730,AT5G57035,,,,
152,AT1G29720,AT4G36010,AT3G14870,,,,
153,AT1G27200,AT4G35830,AT5G47710,,,,
154,AT1G26730,AT4G35770,AT4G23800,,,,
155,AT1G26410,AT4G35070,AT1G33610,,,,
156,AT1G26130,AT4G34890,AT4G14680,,,,
157,AT1G24530,AT4G34580,AT5G52830,,,,
158,AT1G24350,AT4G34131,AT1G14740,,,,
159,AT1G21000,AT4G34120,AT1G72070,,,,
160,AT1G16930,AT4G33910,AT1G01440,,,,
161,AT1G16260,AT4G33740,AT1G05630,,,,
162,AT1G16240,AT4G33290,AT1G30740,,,,
163,AT1G16160,AT4G33060,AT3G57730,,,,
164,AT1G13550,AT4G32160,AT3G02840,,,,
165,AT1G13000,AT4G32150,AT1G22930,,,,
166,AT1G12200,AT4G32010,AT4G31800,,,,
167,AT1G10300,AT4G30490,AT1G24147,,,,
168,AT1G09630,AT4G30360,AT5G57015,,,,
169,AT1G07900,AT4G30340,AT1G70520,,,,
170,AT1G07670,AT4G29900,AT4G11280,,,,
171,AT1G07530,AT4G29810,AT1G76680,,,,
172,AT1G07400,AT4G29160,AT4G26380,,,,
173,AT1G07300,AT4G28850,AT2G37970,,,,
174,AT1G07150,AT4G27980,AT5G13160,,,,
175,AT1G04767,AT4G27960,AT4G35380,,,,
176,,AT4G27350,AT3G62780,,,,
177,,AT4G27290,AT1G24148,,,,
178,,AT4G26970,AT4G24310,,,,
179,,AT4G26910,AT3G57530,,,,
180,,AT4G26560,AT1G61250,,,,
181,,AT4G26470,AT1G68450,,,,
182,,AT4G26080,AT4G21840,,,,
183,,AT4G26010,AT5G44910,,,,
184,,AT4G25820,AT3G03020,,,,
185,,AT4G25790,AT1G59910,,,,
186,,AT4G25230,AT2G15220,,,,
187,,AT4G25220,AT5G44568,,,,
188,,AT4G25190,AT1G44100,,,,
189,,AT4G25020,AT2G43160,,,,
190,,AT4G24805,AT1G56540,,,,
191,,AT4G23910,AT2G44080,,,,
192,,AT4G23880,AT2G27080,,,,
193,,AT4G23870,AT5G65207,,,,
194,,AT4G23680,AT3G12740,,,,
195,,AT4G23670,AT1G28600,,,,
196,,AT4G23160,AT1G77890,,,,
197,,AT4G23030,AT2G15490,,,,
198,,AT4G22260,AT2G46160,,,,
199,,AT4G22080,AT3G26910,,,,
200,,AT4G21830,AT5G57710,,,,
201,,AT4G21070,AT2G44380,,,,
202,,AT4G20450,AT3G04480,,,,
203,,AT4G20110,AT5G16830,,,,
204,,AT4G19925,AT1G08387,,,,
205,,AT4G19680,AT5G18150,,,,
206,,AT4G19460,AT4G11300,,,,
207,,AT4G18280,AT3G07390,,,,
208,,AT4G17950,AT2G35640,,,,
209,,AT4G17650,AT1G11300,,,,
210,,AT4G17070,AT5G59570,,,,
211,,AT4G17050,AT4G31950,,,,
212,,AT4G16840,AT3G10300,,,,
213,,AT4G16820,AT2G33580,,,,
214,,AT4G16100,AT4G19510,,,,
215,,AT4G15760,AT4G11470,,,,
216,,AT4G15610,AT5G47740,,,,
217,,AT4G15530,AT4G19810,,,,
218,,AT4G15270,AT4G12720,,,,
219,,AT4G15070,AT1G74650,,,,
220,,AT4G14880,AT4G29950,,,,
221,,AT4G14746,AT3G63420,,,,
222,,AT4G14440,AT1G02660,,,,
223,,AT4G13530,AT5G46520,,,,
224,,AT4G13390,AT1G80820,,,,
225,,AT4G13010,AT4G23130,,,,
226,,AT4G11910,AT5G45110,,,,
227,,AT4G11660,AT1G72790,,,,
228,,AT4G11450,AT1G36640,,,,
229,,AT4G11370,AT4G19920,,,,
230,,AT4G10720,AT4G21740,,,,
231,,AT4G10390,AT4G11480,,,,
232,,AT4G09560,AT2G28940,,,,
233,,AT4G09460,AT4G09715,,,,
234,,AT4G09000,AT4G34180,,,,
235,,AT4G08935,AT4G36150,,,,
236,,AT4G08810,AT1G04680,,,,
237,,AT4G08470,AT1G11200,,,,
238,,AT4G08400,AT3G46110,,,,
239,,AT4G07285,AT3G09020,,,,
240,,AT4G07130,AT5G42930,,,,
241,,AT4G06746,AT2G38870,,,,
242,,AT4G05070,AT5G15730,,,,
243,,AT4G04470,AT5G24430,,,,
244,,AT4G03510,AT5G45340,,,,
245,,AT4G03020,AT5G66620,,,,
246,,AT4G02860,AT1G21100,,,,
247,,AT4G02600,AT1G22280,,,,
248,,AT4G02550,AT4G02540,,,,
249,,AT4G02520,AT5G64905,,,,
250,,AT4G02510,AT1G51820,,,,
251,,AT4G02370,AT5G18500,,,,
252,,AT4G02270,AT3G57750,,,,
253,,AT4G02075,AT5G04170,,,,
254,,AT4G01535,AT4G35480,,,,
255,,AT4G01020,AT2G31350,,,,
256,,AT4G00955,AT2G34180,,,,
257,,AT4G00720,AT2G06050,,,,
258,,AT4G00360,AT3G07190,,,,
259,,AT3G66654,AT1G61420,,,,
260,,AT3G63380,AT1G22870,,,,
261,,AT3G62680,AT3G25610,,,,
262,,AT3G61760,AT1G03905,,,,
263,,AT3G61580,AT1G22885,,,,
264,,AT3G60330,AT2G31800,,,,
265,,AT3G60200,AT1G10920,,,,
266,,AT3G59280,AT2G26190,,,,
267,,AT3G58600,AT1G51913,,,,
268,,AT3G57710,AT4G35500,,,,
269,,AT3G57700,AT2G32250,,,,
270,,AT3G56500,AT5G42380,,,,
271,,AT3G56190,AT1G07135,,,,
272,,AT3G55610,AT5G44990,,,,
273,,AT3G55040,AT2G30362,,,,
274,,AT3G54870,AT1G66480,,,,
275,,AT3G54590,AT5G10695,,,,
276,,AT3G54580,AT2G18670,,,,
277,,AT3G53990,AT5G46510,,,,
278,,AT3G52840,AT3G01165,,,,
279,,AT3G52742,AT5G45070,,,,
280,,AT3G51970,AT5G42650,,,,
281,,AT3G51860,AT3G49130,,,,
282,,AT3G51730,AT3G53260,,,,
283,,AT3G51560,AT2G20725,,,,
284,,AT3G51440,AT1G28380,,,,
285,,AT3G51430,AT3G20510,,,,
286,,AT3G51330,AT4G19230,,,,
287,,AT3G51130,AT5G58720,,,,
288,,AT3G50140,AT3G02800,,,,
289,,AT3G49790,AT3G44720,,,,
290,,AT3G49780,AT1G61260,,,,
291,,AT3G49210,AT1G28280,,,,
292,,AT3G49120,AT5G48780,,,,
293,,AT3G48790,AT1G53590,,,,
294,,AT3G48195,AT1G28190,,,,
295,,AT3G48080,AT3G18930,,,,
296,,AT3G48000,AT4G34390,,,,
297,,AT3G47730,AT4G18203,,,,
298,,AT3G47560,AT1G26420,,,,
299,,AT3G47340,AT4G11360,,,,
300,,AT3G47210,AT4G20300,,,,
301,,AT3G47000,AT1G02860,,,,
302,,AT3G46510,AT5G22270,,,,
303,,AT3G45970,AT3G51450,,,,
304,,AT3G44860,AT3G13435,,,,
305,,AT3G44735,AT1G01540,,,,
306,,AT3G44190,AT4G30530,,,,
307,,AT3G42790,AT1G05000,,,,
308,,AT3G29360,AT5G53550,,,,
309,,AT3G29170,AT5G11700,,,,
310,,AT3G29010,AT2G17740,,,,
311,,AT3G28740,AT5G59450,,,,
312,,AT3G27930,AT4G05010,,,,
313,,AT3G27110,AT3G47380,,,,
314,,AT3G27090,AT3G53280,,,,
315,,AT3G26840,AT1G31350,,,,
316,,AT3G26600,AT3G26680,,,,
317,,AT3G26460,AT2G27830,,,,
318,,AT3G26450,AT1G36730,,,,
319,,AT3G26300,AT2G17060,,,,
320,,AT3G25990,AT4G33300,,,,
321,,AT3G23750,AT2G09440,,,,
322,,AT3G23550,AT5G44290,,,,
323,,AT3G23120,AT5G58787,,,,
324,,AT3G23030,AT5G22540,,,,
325,,AT3G22830,AT4G04075,,,,
326,,AT3G22600,AT3G14470,,,,
327,,AT3G22460,AT2G17480,,,,
328,,AT3G22200,AT1G78895,,,,
329,,AT3G21700,AT4G23850,,,,
330,,AT3G20770,AT1G59590,,,,
331,,AT3G20470,AT3G53600,,,,
332,,AT3G20300,AT1G20290,,,,
333,,AT3G19390,AT4G33565,,,,
334,,AT3G18780,AT4G18197,,,,
335,,AT3G18300,AT5G47970,,,,
336,,AT3G17780,AT5G46330,,,,
337,,AT3G16470,AT5G01540,,,,
338,,AT3G16420,AT2G26440,,,,
339,,AT3G16400,AT1G78280,,,,
340,,AT3G16040,AT4G13505,,,,
341,,AT3G15780,AT5G43890,,,,
342,,AT3G15710,AT5G07070,,,,
343,,AT3G15260,AT2G30250,,,,
344,,AT3G15060,AT5G22520,,,,
345,,AT3G14990,AT3G44610,,,,
346,,AT3G14590,AT4G24290,,,,
347,,AT3G13030,AT4G13395,,,,
348,,AT3G12910,AT5G46470,,,,
349,,AT3G12570,AT4G04695,,,,
350,,AT3G12020,AT4G23250,,,,
351,,AT3G11530,AT3G08720,,,,
352,,AT3G10915,AT1G07510,,,,
353,,AT3G10710,AT2G28815,,,,
354,,AT3G09490,AT2G27389,,,,
355,,AT3G09270,AT4G03460,,,,
356,,AT3G09032,AT2G22760,,,,
357,,AT3G07800,AT3G12400,,,,
358,,AT3G07700,AT4G21850,,,,
359,,AT3G07470,AT3G57930,,,,
360,,AT3G06850,AT5G12880,,,,
361,,AT3G05990,AT4G34100,,,,
362,,AT3G05490,AT1G58602,,,,
363,,AT3G04355,AT3G57120,,,,
364,,AT3G04240,AT1G76670,,,,
365,,AT3G03870,AT1G01560,,,,
366,,AT3G03810,AT3G28340,,,,
367,,AT3G03155,AT3G04640,,,,
368,,AT3G03010,AT3G11820,,,,
369,,AT3G03000,AT4G24110,,,,
370,,AT3G02750,AT5G16110,,,,
371,,AT3G02705,AT5G65200,,,,
372,,AT3G02460,AT3G15356,,,,
373,,AT3G02360,AT4G31500,,,,
374,,AT3G01990,AT1G01950,,,,
375,,AT3G01970,AT3G53810,,,,
376,,AT3G01655,AT1G72520,,,,
377,,AT3G01420,AT1G18740,,,,
378,,AT2G47920,AT5G56980,,,,
379,,AT2G47910,AT3G13600,,,,
380,,AT2G47900,AT5G37770,,,,
381,,AT2G46840,AT4G12250,,,,
382,,AT2G46750,AT1G24140,,,,
383,,AT2G46735,AT5G10750,,,,
384,,AT2G46720,AT2G42060,,,,
385,,AT2G46610,AT1G70410,,,,
386,,AT2G46370,AT1G77500,,,,
387,,AT2G46260,AT3G22930,,,,
388,,AT2G46150,AT2G37710,,,,
389,,AT2G44480,AT1G74430,,,,
390,,AT2G44450,AT4G08770,,,,
391,,AT2G44290,AT1G03610,,,,
392,,AT2G44230,AT5G22000,,,,
393,,AT2G44060,AT4G18710,,,,
394,,AT2G43290,AT3G19010,,,,
395,,AT2G43120,AT4G10730,,,,
396,,AT2G42950,AT2G42360,,,,
397,,AT2G42890,AT5G53048,,,,
398,,AT2G41440,AT3G54000,,,,
399,,AT2G41410,AT4G33940,,,,
400,,AT2G41120,AT5G43760,,,,
401,,AT2G39350,AT4G35180,,,,
402,,AT2G38610,AT5G43064,,,,
403,,AT2G38465,AT1G17145,,,,
404,,AT2G37760,AT5G63320,,,,
405,,AT2G37530,AT4G38530,,,,
406,,AT2G36910,AT1G72280,,,,
407,,AT2G36410,AT4G01250,,,,
408,,AT2G36380,AT2G32210,,,,
409,,AT2G35910,AT1G61360,,,,
410,,AT2G35510,AT5G67250,,,,
411,,AT2G35170,AT4G38560,,,,
412,,AT2G34390,AT2G15390,,,,
413,,AT2G34355,AT5G18400,,,,
414,,AT2G33700,AT1G04397,,,,
415,,AT2G33630,AT4G33420,,,,
416,,AT2G33590,AT2G27500,,,,
417,,AT2G33490,AT4G37900,,,,
418,,AT2G32400,AT2G05940,,,,
419,,AT2G32150,AT1G05933,,,,
420,,AT2G31585,AT1G73540,,,,
421,,AT2G31230,AT2G06530,,,,
422,,AT2G30930,AT1G09950,,,,
423,,AT2G30550,AT2G14080,,,,
424,,AT2G29490,AT5G36290,,,,
425,,AT2G28910,AT1G11310,,,,
426,,AT2G26970,AT4G23270,,,,
427,,AT2G26870,AT3G21781,,,,
428,,AT2G26650,AT2G23100,,,,
429,,AT2G26240,AT1G72010,,,,
430,,AT2G25490,AT5G40910,,,,
431,,AT2G25240,AT4G00550,,,,
432,,AT2G25080,AT5G14730,,,,
433,,AT2G24330,AT1G51850,,,,
434,,AT2G24195,AT2G35935,,,,
435,,AT2G23980,AT5G46910,,,,
436,,AT2G23210,AT3G56800,,,,
437,,AT2G23120,AT3G18560,,,,
438,,AT2G22990,AT3G55470,,,,
439,,AT2G22860,AT5G54810,,,,
440,,AT2G22790,AT3G19260,,,,
441,,AT2G21520,AT5G26770,,,,
442,,AT2G21190,AT4G33440,,,,
443,,AT2G20780,AT3G10930,,,,
444,,AT2G20740,AT2G18690,,,,
445,,AT2G20630,AT4G32030,,,,
446,,AT2G20370,AT4G34460,,,,
447,,AT2G20320,AT1G30135,,,,
448,,AT2G20260,AT3G02585,,,,
449,,AT2G19270,AT3G55830,,,,
450,,AT2G18100,AT5G23130,,,,
451,,AT2G17840,AT5G14700,,,,
452,,AT2G17500,AT5G22450,,,,
453,,AT2G17440,AT1G49000,,,,
454,,AT2G17110,AT1G21370,,,,
455,,AT2G16870,AT3G26020,,,,
456,,AT2G16050,AT5G35370,,,,
457,,AT2G15090,AT3G24050,,,,
458,,AT2G15080,AT5G18490,,,,
459,,AT2G14740,AT3G17420,,,,
460,,AT2G13665,AT2G40000,,,,
461,,AT2G09230,AT1G14550,,,,
462,,AT2G08750,AT3G06760,,,,
463,,AT2G08695,AT3G57760,,,,
464,,AT2G08660,AT1G07240,,,,
465,,AT2G07355,AT1G76970,,,,
466,,AT2G02390,AT3G22060,,,,
467,,AT2G01600,AT5G47960,,,,
468,,AT2G01540,AT5G01550,,,,
469,,AT2G01490,AT4G15120,,,,
470,,AT1G80830,AT3G04135,,,,
471,,AT1G79340,AT5G03355,,,,
472,,AT1G78820,AT5G65920,,,,
473,,AT1G78460,AT3G20410,,,,
474,,AT1G78240,AT5G19240,,,,
475,,AT1G77760,AT3G23123,,,,
476,,AT1G77220,AT1G28370,,,,
477,,AT1G77130,AT1G74380,,,,
478,,AT1G76980,AT5G61560,,,,
479,,AT1G76180,AT1G27020,,,,
480,,AT1G75750,AT1G16090,,,,
481,,AT1G75030,AT5G47720,,,,
482,,AT1G74385,AT1G57700,,,,
483,,AT1G74300,AT5G44860,,,,
484,,AT1G73550,AT1G71040,,,,
485,,AT1G72450,AT3G14050,,,,
486,,AT1G71140,AT1G73080,,,,
487,,AT1G70590,AT5G01100,,,,
488,,AT1G70460,AT5G51630,,,,
489,,AT1G70250,AT1G07520,,,,
490,,AT1G70160,AT4G08285,,,,
491,,AT1G69960,AT4G16950,,,,
492,,AT1G69640,AT1G06800,,,,
493,,AT1G69490,AT5G48410,,,,
494,,AT1G69430,AT5G49900,,,,
495,,AT1G68390,AT1G53080,,,,
496,,AT1G67855,AT5G46450,,,,
497,,AT1G67650,AT3G01175,,,,
498,,AT1G67560,AT5G62020,,,,
499,,AT1G67270,AT5G38212,,,,
500,,AT1G66970,AT2G08915,,,,
501,,AT1G66680,AT3G13650,,,,
502,,AT1G66340,AT4G09035,,,,
503,,AT1G66180,AT2G26380,,,,
504,,AT1G65870,AT1G25275,,,,
505,,AT1G65820,AT5G61160,,,,
506,,AT1G65610,AT1G11670,,,,
507,,AT1G65481,AT5G48430,,,,
508,,AT1G64720,AT2G38290,,,,
509,,AT1G64400,AT1G67460,,,,
510,,AT1G64060,AT5G56960,,,,
511,,AT1G63460,AT5G01640,,,,
512,,AT1G63090,AT1G12750,,,,
513,,AT1G62840,AT5G03380,,,,
514,,AT1G62740,AT4G25810,,,,
515,,AT1G62730,AT3G19930,,,,
516,,AT1G62720,AT2G36840,,,,
517,,AT1G62515,AT5G66900,,,,
518,,AT1G62510,AT3G13432,,,,
519,,AT1G61690,AT5G59680,,,,
520,,AT1G61080,AT4G18253,,,,
521,,AT1G58807,AT5G40590,,,,
522,,AT1G58290,AT4G39640,,,,
523,,AT1G58250,AT1G04200,,,,
524,,AT1G58230,AT1G21450,,,,
525,,AT1G58190,AT5G13100,,,,
526,,AT1G57980,AT5G44870,,,,
527,,AT1G56660,AT3G18250,,,,
528,,AT1G56423,AT4G35985,,,,
529,,AT1G56300,AT3G10720,,,,
530,,AT1G55730,AT2G30870,,,,
531,,AT1G55475,AT2G33120,,,,
532,,AT1G54970,AT5G05850,,,,
533,,AT1G54210,AT5G01542,,,,
534,,AT1G54040,AT2G21500,,,,
535,,AT1G53840,AT2G25297,,,,
536,,AT1G53330,AT1G30810,,,,
537,,AT1G52342,AT1G22510,,,,
538,,AT1G51880,AT1G04513,,,,
539,,AT1G51760,AT2G45760,,,,
540,,AT1G51690,AT1G73740,,,,
541,,AT1G50790,AT3G09940,,,,
542,,AT1G50430,AT1G09070,,,,
543,,AT1G49950,AT5G61600,,,,
544,,AT1G48640,AT1G77640,,,,
545,,AT1G48490,AT3G55270,,,,
546,,AT1G48320,AT1G80380,,,,
547,,AT1G45145,AT4G29050,,,,
548,,AT1G44350,AT1G16640,,,,
549,,AT1G35670,AT2G24570,,,,
550,,AT1G35430,AT2G38780,,,,
551,,AT1G35230,AT1G10050,,,,
552,,AT1G34550,AT4G21903,,,,
553,,AT1G34510,AT2G22880,,,,
554,,AT1G34190,AT1G05575,,,,
555,,AT1G34180,AT5G26920,,,,
556,,AT1G33110,AT4G23010,,,,
557,,AT1G32970,AT3G05660,,,,
558,,AT1G32340,AT1G47890,,,,
559,,AT1G30870,AT5G59550,,,,
560,,AT1G30640,AT5G47580,,,,
561,,AT1G30400,AT4G15233,,,,
562,,AT1G30190,AT5G14930,,,,
563,,AT1G29850,AT5G58430,,,,
564,,AT1G29760,AT1G25390,,,,
565,,AT1G29680,AT1G72060,,,,
566,,AT1G29290,AT1G47130,,,,
567,,AT1G29120,AT3G16720,,,,
568,,AT1G28230,AT4G29110,,,,
569,,AT1G28200,AT5G39030,,,,
570,,AT1G27290,AT4G34480,,,,
571,,AT1G26440,AT1G16120,,,,
572,,AT1G25560,AT4G09030,,,,
573,,AT1G25280,AT1G21110,,,,
574,,AT1G24260,AT5G38210,,,,
575,,AT1G24170,AT2G35658,,,,
576,,AT1G23550,AT4G04570,,,,
577,,AT1G23440,AT4G17486,,,,
578,,AT1G23310,AT1G78850,,,,
579,,AT1G23200,AT4G20880,,,,
580,,AT1G22540,AT2G47260,,,,
581,,AT1G21900,AT3G50060,,,,
582,,AT1G21070,AT2G31865,,,,
583,,AT1G20620,AT5G48540,,,,
584,,AT1G20520,AT5G20050,,,,
585,,AT1G20440,AT1G09623,,,,
586,,AT1G20110,AT5G11000,,,,
587,,AT1G19660,AT4G18530,,,,
588,,AT1G19360,AT1G25400,,,,
589,,AT1G19250,AT4G12120,,,,
590,,AT1G18470,AT5G66850,,,,
591,,AT1G18030,AT4G28930,,,,
592,,AT1G17080,AT3G56360,,,,
593,,AT1G16370,AT1G05675,,,,
594,,AT1G16180,AT4G17500,,,,
595,,AT1G15190,AT3G16525,,,,
596,,AT1G15125,AT1G65510,,,,
597,,AT1G15030,AT4G30600,,,,
598,,AT1G15010,AT3G48450,,,,
599,,AT1G14780,AT2G31880,,,,
600,,AT1G14330,AT1G63820,,,,
601,,AT1G14170,AT1G79380,,,,
602,,AT1G14000,AT1G43000,,,,
603,,AT1G13990,AT3G54620,,,,
604,,AT1G13540,AT1G59820,,,,
605,,AT1G13195,AT3G47570,,,,
606,,AT1G12780,AT3G50480,,,,
607,,AT1G12560,AT3G52870,,,,
608,,AT1G12240,AT1G36623,,,,
609,,AT1G12040,AT5G04720,,,,
610,,AT1G11330,AT1G05670,,,,
611,,AT1G11000,AT3G55150,,,,
612,,AT1G10865,AT4G19140,,,,
613,,AT1G10700,AT5G59420,,,,
614,,AT1G09627,AT4G23170,,,,
615,,AT1G09575,AT3G09920,,,,
616,,AT1G09437,AT3G45730,,,,
617,,AT1G09415,AT2G15480,,,,
618,,AT1G09310,AT1G56140,,,,
619,,AT1G08800,AT3G59880,,,,
620,,AT1G08720,AT5G27350,,,,
621,,AT1G08510,AT5G36001,,,,
622,,AT1G08043,AT1G63360,,,,
623,,AT1G07513,AT4G39030,,,,
624,,AT1G07310,AT3G45840,,,,
625,,AT1G07220,AT1G68330,,,,
626,,AT1G07143,AT4G34430,,,,
627,,AT1G04960,AT5G46080,,,,
628,,AT1G04647,AT3G52710,,,,
629,,AT1G04147,AT1G59740,,,,
630,,AT1G03970,AT1G76390,,,,
631,,AT1G03400,AT1G07650,,,,
632,,AT1G03290,AT2G25735,,,,
633,,AT1G02120,AT3G50760,,,,
634,,AT1G01650,AT3G29075,,,,
635,,AT1G01480,AT2G47070,,,,
636,,AT1G01180,AT4G24570,,,,
637,,AT1G01140,AT2G02370,,,,
638,,AT1G01120,AT3G50910,,,,
639,,,AT2G30990,,,,
640,,,AT3G02070,,,,
641,,,AT4G11850,,,,
642,,,AT5G45130,,,,
643,,,AT4G30430,,,,
644,,,AT3G28940,,,,
645,,,AT5G08340,,,,
646,,,AT3G02880,,,,
647,,,AT1G08315,,,,
648,,,AT3G20310,,,,
649,,,AT5G47220,,,,
650,,,AT1G34370,,,,
651,,,AT5G13810,,,,
652,,,AT3G25510,,,,
653,,,AT1G75810,,,,
654,,,AT1G59865,,,,
655,,,AT1G55365,,,,
656,,,AT1G20823,,,,
657,,,AT5G02595,,,,
658,,,AT5G42830,,,,
659,,,AT1G30420,,,,
660,,,AT1G31930,,,,
661,,,AT5G64120,,,,
662,,,AT3G14090,,,,
663,,,AT2G25295,,,,
664,,,AT2G39375,,,,
665,,,AT1G67800,,,,
666,,,AT5G37540,,,,
667,,,AT3G44350,,,,
668,,,AT5G04020,,,,
669,,,AT4G26690,,,,
670,,,AT3G46600,,,,
671,,,AT3G59700,,,,
672,,,AT5G45280,,,,
673,,,AT5G66210,,,,
674,,,AT5G01815,,,,
675,,,AT1G57630,,,,
676,,,AT5G51180,,,,
677,,,AT1G74360,,,,
678,,,AT3G25900,,,,
679,,,AT1G56060,,,,
680,,,AT4G30850,,,,
681,,,AT1G66920,,,,
682,,,AT4G35110,,,,
683,,,AT4G13180,,,,
684,,,AT3G11170,,,,
685,,,AT3G03125,,,,
686,,,AT3G17690,,,,
687,,,AT1G60730,,,,
688,,,AT4G18205,,,,
689,,,AT1G13530,,,,
690,,,AT3G21150,,,,
691,,,AT5G03630,,,,
692,,,AT4G16860,,,,
693,,,AT1G19270,,,,
694,,,AT1G13880,,,,
695,,,AT5G43650,,,,
696,,,AT4G10530,,,,
697,,,AT1G09637,,,,
698,,,AT3G01290,,,,
699,,,AT4G32300,,,,
700,,,AT1G06137,,,,
701,,,AT4G02350,,,,
702,,,AT2G42350,,,,
703,,,AT2G26300,,,,
704,,,AT1G18980,,,,
705,,,AT3G55980,,,,
706,,,AT1G13390,,,,
707,,,AT3G05075,,,,
708,,,AT5G54170,,,,
709,,,AT5G23510,,,,
710,,,AT2G48010,,,,
711,,,AT3G57880,,,,
712,,,AT2G32235,,,,
713,,,AT1G34260,,,,
714,,,AT5G66070,,,,
715,,,AT4G20780,,,,
716,,,AT4G01740,,,,
717,,,AT3G22260,,,,
718,,,AT5G08660,,,,
719,,,AT2G32800,,,,
720,,,AT4G11000,,,,
721,,,AT4G25670,,,,
722,,,AT5G59820,,,,
723,,,AT2G47680,,,,
724,,,AT1G49050,,,,
725,,,AT4G33430,,,,
726,,,AT4G10970,,,,
727,,,AT5G60410,,,,
728,,,AT1G80450,,,,
729,,,AT1G72300,,,,
730,,,AT5G08920,,,,
731,,,AT4G18340,,,,
732,,,AT4G14368,,,,
733,,,AT1G66160,,,,
734,,,AT1G63720,,,,
735,,,AT1G18160,,,,
736,,,AT2G28830,,,,
737,,,AT1G36622,,,,
738,,,AT5G66640,,,,
739,,,AT4G07855,,,,
740,,,AT3G21520,,,,
741,,,AT1G79360,,,,
742,,,AT2G21120,,,,
743,,,AT5G06885,,,,
744,,,AT3G05370,,,,
745,,,AT4G27970,,,,
746,,,AT4G00300,,,,
747,,,AT5G27380,,,,
748,,,AT1G12580,,,,
749,,,AT1G61380,,,,
750,,,AT1G20980,,,,
751,,,AT5G41740,,,,
752,,,AT3G50770,,,,
753,,,AT1G09645,,,,
754,,,AT5G39785,,,,
755,,,AT3G48090,,,,
756,,,AT4G24160,,,,
757,,,AT2G03530,,,,
758,,,AT4G28150,,,,
759,,,AT5G59732,,,,
760,,,AT2G46440,,,,
761,,,AT5G40780,,,,
762,,,AT1G15800,,,,
763,,,AT3G12630,,,,
764,,,AT5G67450,,,,
765,,,AT2G35730,,,,
766,,,AT4G14220,,,,
767,,,AT3G09830,,,,
768,,,AT1G64065,,,,
769,,,AT3G13380,,,,
770,,,AT1G13480,,,,
771,,,AT4G12790,,,,
772,,,AT2G47130,,,,
773,,,AT1G11210,,,,
774,,,AT4G21560,,,,
775,,,AT1G76440,,,,
776,,,AT2G38480,,,,
777,,,AT1G71950,,,,
778,,,AT2G02310,,,,
779,,,AT5G20480,,,,
780,,,AT1G72910,,,,
781,,,AT1G66880,,,,
782,,,AT5G54730,,,,
783,,,AT3G05135,,,,
784,,,AT1G65790,,,,
785,,,AT5G00990,,,,
786,,,AT4G29780,,,,
787,,,AT2G30360,,,,
788,,,AT5G53110,,,,
789,,,AT3G44635,,,,
790,,,AT2G31810,,,,
791,,,AT3G03740,,,,
792,,,AT3G56790,,,,
793,,,AT1G18200,,,,
794,,,AT3G04300,,,,
795,,,AT2G36430,,,,
796,,,AT3G46530,,,,
797,,,AT3G50960,,,,
798,,,AT5G51620,,,,
799,,,AT2G31955,,,,
800,,,AT4G28400,,,,
801,,,AT3G08030,,,,
802,,,AT5G48530,,,,
803,,,AT3G21305,,,,
804,,,AT4G22470,,,,
805,,,AT2G01430,,,,
806,,,AT1G05837,,,,
807,,,AT2G18680,,,,
808,,,AT1G63530,,,,
809,,,AT1G56250,,,,
810,,,AT1G51670,,,,
811,,,AT4G24380,,,,
812,,,AT4G38940,,,,
813,,,AT3G53270,,,,
814,,,AT4G25660,,,,
815,,,AT2G27310,,,,
816,,,AT4G22820,,,,
817,,,AT2G32930,,,,
818,,,AT5G40460,,,,
819,,,AT5G45710,,,,
820,,,AT5G21090,,,,
821,,,AT4G23180,,,,
822,,,AT5G16800,,,,
823,,,AT1G69410,,,,
824,,,AT5G64870,,,,
825,,,AT4G34260,,,,
826,,,AT4G04490,,,,
827,,,AT3G13080,,,,
828,,,AT3G07360,,,,
829,,,AT5G66675,,,,
830,,,AT1G19330,,,,
831,,,AT2G28890,,,,
832,,,AT5G01730,,,,
833,,,AT4G17490,,,,
834,,,AT5G24030,,,,
835,,,AT3G47540,,,,
836,,,AT1G76340,,,,
837,,,AT3G55050,,,,
838,,,AT4G14630,,,,
839,,,AT2G38210,,,,
840,,,AT1G66760,,,,
841,,,AT3G57480,,,,
842,,,AT1G34750,,,,
843,,,AT2G17520,,,,
844,,,AT5G58350,,,,
845,,,AT4G14350,,,,
846,,,AT2G46330,,,,
847,,,AT1G21550,,,,
848,,,AT1G53170,,,,
849,,,AT1G62422,,,,
850,,,AT1G51805,,,,
851,,,AT2G01180,,,,
852,,,AT3G09870,,,,
853,,,AT1G80610,,,,
854,,,AT1G10650,,,,
855,,,AT1G06983,,,,
856,,,AT2G41880,,,,
857,,,AT1G20350,,,,
858,,,AT2G09225,,,,
859,,,AT4G11080,,,,
860,,,AT1G76650,,,,
861,,,AT4G30210,,,,
862,,,AT4G16890,,,,
863,,,AT1G68690,,,,
864,,,AT4G38552,,,,
865,,,AT4G25030,,,,
866,,,AT3G02130,,,,
867,,,AT5G58620,,,,
868,,,AT2G41105,,,,
869,,,AT5G66730,,,,
870,,,AT2G20960,,,,
871,,,AT1G26380,,,,
872,,,AT1G01340,,,,
873,,,AT3G04210,,,,
874,,,AT1G25550,,,,
875,,,AT3G17770,,,,
876,,,AT1G28390,,,,
877,,,AT4G39890,,,,
878,,,AT2G36770,,,,
879,,,AT1G16420,,,,
880,,,AT4G17230,,,,
881,,,AT3G61980,,,,
882,,,AT2G38250,,,,
883,,,AT1G79680,,,,
884,,,AT2G44010,,,,
885,,,AT2G46940,,,,
886,,,AT4G23060,,,,
887,,,AT2G24550,,,,
888,,,AT1G42470,,,,
889,,,AT5G50430,,,,
890,,,AT5G22690,,,,
891,,,AT1G10990,,,,
892,,,AT3G28450,,,,
893,,,AT4G34412,,,,
894,,,AT3G51160,,,,
895,,,AT1G03740,,,,
896,,,AT1G76700,,,,
897,,,AT5G06595,,,,
898,,,AT5G25250,,,,
899,,,AT1G05077,,,,
900,,,AT3G50900,,,,
901,,,AT1G26270,,,,
902,,,AT1G69810,,,,
903,,,AT5G46490,,,,
904,,,AT4G39570,,,,
905,,,AT5G50900,,,,
906,,,AT2G31890,,,,
907,,,AT3G17700,,,,
908,,,AT3G13433,,,,
909,,,AT4G22980,,,,
910,,,AT1G75020,,,,
911,,,AT5G44580,,,,
912,,,AT1G19380,,,,
913,,,AT1G21380,,,,
914,,,AT1G18382,,,,
915,,,AT4G28085,,,,
916,,,AT5G62560,,,,
917,,,AT2G19130,,,,
918,,,AT2G38790,,,,
919,,,AT1G54090,,,,
920,,,AT2G41110,,,,
921,,,AT2G39210,,,,
922,,,AT5G18470,,,,
923,,,AT5G19250,,,,
924,,,AT3G50160,,,,
925,,,AT3G47250,,,,
926,,,AT5G64900,,,,
927,,,AT4G29740,,,,
928,,,AT1G22890,,,,
929,,,AT3G28180,,,,
930,,,AT2G30440,,,,
931,,,AT3G23240,,,,
932,,,AT1G72930,,,,
933,,,AT5G43190,,,,
934,,,AT2G36690,,,,
935,,,AT2G20900,,,,
936,,,AT1G53110,,,,
937,,,AT3G09010,,,,
938,,,AT3G11700,,,,
939,,,AT5G12940,,,,
940,,,AT4G02410,,,,
941,,,AT4G15260,,,,
942,,,AT4G20000,,,,
943,,,AT1G11960,,,,
944,,,AT2G39360,,,,
945,,,AT5G20400,,,,
946,,,AT1G59860,,,,
947,,,AT3G61190,,,,
948,,,AT1G58410,,,,
949,,,AT1G27100,,,,
950,,,AT5G40370,,,,
951,,,AT5G46710,,,,
952,,,AT2G18090,,,,
953,,,AT1G17240,,,,
954,,,AT4G37370,,,,
955,,,AT5G04930,,,,
956,,,AT5G11140,,,,
957,,,AT3G50260,,,,
958,,,AT1G25220,,,,
959,,,AT5G48150,,,,
960,,,AT3G50950,,,,
961,,,AT2G13650,,,,
962,,,AT1G23710,,,,
963,,,AT5G06740,,,,
964,,,AT2G36220,,,,
965,,,AT5G08870,,,,
966,,,AT5G07080,,,,
967,,,AT1G66500,,,,
968,,,AT1G14040,,,,
969,,,AT4G30280,,,,
970,,,AT3G27560,,,,
971,,,AT5G44567,,,,
972,,,AT2G03240,,,,
973,,,AT4G36990,,,,
974,,,AT5G08990,,,,
975,,,AT5G64300,,,,
976,,,AT4G18010,,,,
977,,,AT1G12360,,,,
978,,,AT5G28610,,,,
979,,,AT1G63245,,,,
980,,,AT4G19200,,,,
981,,,AT1G64160,,,,
982,,,AT1G32640,,,,
983,,,AT5G44350,,,,
984,,,AT4G26400,,,,
985,,,AT1G17500,,,,
986,,,AT1G73805,,,,
987,,,AT4G08850,,,,
988,,,AT5G45750,,,,
989,,,AT1G08930,,,,
990,,,AT1G30370,,,,
991,,,AT4G20835,,,,
992,,,AT1G15890,,,,
993,,,AT5G41080,,,,
994,,,AT5G01005,,,,
995,,,AT1G70420,,,,
996,,,AT2G44840,,,,
997,,,AT3G05200,,,,
998,,,AT5G05995,,,,
999,,,AT5G47070,,,,
1000,,,AT5G39020,,,,
1001,,,AT1G03590,,,,
1002,,,AT4G18880,,,,
1003,,,AT2G18630,,,,
1004,,,AT5G22630,,,,
1005,,,AT1G07620,,,,
1006,,,AT2G28630,,,,
1007,,,AT5G02895,,,,
1008,,,AT4G25940,,,,
1009,,,AT3G48320,,,,
1010,,,AT3G59310,,,,
1011,,,AT1G08940,,,,
1012,,,AT4G21390,,,,
1013,,,AT3G48760,,,,
1014,,,AT5G06865,,,,
1015,,,AT3G16530,,,,
1016,,,AT3G52450,,,,
1017,,,AT3G14225,,,,
1018,,,AT2G14910,,,,
1019,,,AT2G30500,,,,
1020,,,AT4G24230,,,,
1021,,,AT1G34300,,,,
1022,,,AT5G24590,,,,
1023,,,AT3G44630,,,,
1024,,,AT4G11530,,,,
1025,,,AT2G24180,,,,
1026,,,AT2G46620,,,,
1027,,,AT2G08895,,,,
1028,,,AT5G07390,,,,
1029,,,AT4G39230,,,,
1030,,,AT3G28860,,,,
1031,,,AT2G40095,,,,
1032,,,AT4G23200,,,,
1033,,,AT2G32190,,,,
1034,,,AT1G51920,,,,
1035,,,AT3G01055,,,,
1036,,,AT3G45660,,,,
1037,,,AT1G03370,,,,
1038,,,AT2G42010,,,,
1039,,,AT5G43170,,,,
1040,,,AT4G30290,,,,
1041,,,AT4G39840,,,,
1042,,,AT5G16910,,,,
1043,,,AT4G27652,,,,
1044,,,AT3G22800,,,,
1045,,,AT3G19580,,,,
1046,,,AT3G11010,,,,
1047,,,AT4G11330,,,,
1048,,,AT4G24580,,,,
1049,,,AT5G12480,,,,
1050,,,AT2G39380,,,,
1051,,,AT3G56710,,,,
1052,,,AT5G22530,,,,
1053,,,AT1G35350,,,,
1054,,,AT5G42940,,,,
1055,,,AT3G57330,,,,
1056,,,AT3G52430,,,,
1057,,,AT5G62460,,,,
1058,,,AT4G20380,,,,
1059,,,AT1G63880,,,,
1060,,,AT1G07130,,,,
1061,,,AT5G54710,,,,
1062,,,AT1G74740,,,,
1063,,,AT1G65486,,,,
1064,,,AT1G21326,,,,
1065,,,AT1G10040,,,,
1066,,,AT3G13020,,,,
1067,,,AT3G01830,,,,
1068,,,AT5G47730,,,,
1069,,,AT4G09570,,,,
1070,,,AT3G10640,,,,
1071,,,AT1G24145,,,,
1072,,,AT3G45040,,,,
1073,,,AT1G67880,,,,
1074,,,AT5G15130,,,,
1075,,,AT4G31980,,,,
1076,,,AT1G30700,,,,
1077,,,AT3G50460,,,,
1078,,,AT1G29670,,,,
1079,,,AT5G10830,,,,
1080,,,AT5G04340,,,,
1081,,,AT3G46540,,,,
1082,,,AT4G30100,,,,
1083,,,AT2G04495,,,,
1084,,,AT2G23680,,,,
1085,,,AT2G04040,,,,
1086,,,AT3G51660,,,,
1087,,,AT1G06135,,,,
1088,,,AT4G24970,,,,
1089,,,AT5G40010,,,,
1090,,,AT2G22500,,,,
1091,,,AT3G28580,,,,
1092,,,AT5G38240,,,,
1093,,,AT2G20560,,,,
1094,,,AT2G02800,,,,
1095,,,AT2G33710,,,,
1096,,,AT3G06500,,,,
1097,,,AT1G71100,,,,
1098,,,AT1G67970,,,,
1099,,,AT2G20950,,,,
1100,,,AT3G29034,,,,
1101,,,AT2G32660,,,,
1102,,,AT1G72900,,,,
1103,,,AT1G70530,,,,
1104,,,AT4G15470,,,,
1105,,,AT4G31550,,,,
1106,,,AT4G36670,,,,
1107,,,AT1G51890,,,,
1108,,,AT3G50470,,,,
1109,,,AT4G11170,,,,
1110,,,AT3G45960,,,,
1111,,,AT1G65690,,,,
1112,,,AT5G53310,,,,
1113,,,AT1G02920,,,,
1114,,,AT5G66630,,,,
1115,,,AT2G15042,,,,
1116,,,AT4G08985,,,,
1117,,,AT2G02220,,,,
1118,,,AT3G50800,,,,
1119,,,AT2G30720,,,,
1120,,,AT1G32460,,,,
1121,,,AT1G48315,,,,
1122,,,AT1G66170,,,,
1123,,,AT1G64980,,,,
1124,,,AT1G20510,,,,
1125,,,AT4G36550,,,,
1126,,,AT4G27020,,,,
1127,,,AT4G29440,,,,
1128,,,AT5G66310,,,,
1129,,,AT5G36970,,,,
1130,,,AT2G27390,,,,
1131,,,AT1G69840,,,,
1132,,,AT1G02880,,,,
1133,,,AT3G09995,,,,
1134,,,AT4G22640,,,,
1135,,,AT1G58225,,,,
1136,,,AT5G04760,,,,
1137,,,AT5G35580,,,,
1138,,,AT1G03230,,,,
1139,,,AT1G63830,,,,
1140,,,AT3G52748,,,,
1141,,,AT5G03610,,,,
1142,,,AT4G26090,,,,
1143,,,AT3G62420,,,,
1144,,,AT3G01220,,,,
1145,,,AT1G64710,,,,
1146,,,AT4G05050,,,,
1147,,,AT5G40000,,,,
1148,,,AT2G21900,,,,
1149,,,AT1G53390,,,,
1150,,,AT5G52870,,,,
1151,,,AT2G35710,,,,
1152,,,AT5G63410,,,,
1153,,,AT2G35930,,,,
1154,,,AT5G04870,,,,
1155,,,AT1G18975,,,,
1156,,,AT1G05347,,,,
1157,,,AT3G61800,,,,
1158,,,AT5G11920,,,,
1159,,,AT5G43520,,,,
1160,,,AT3G22890,,,,
1161,,,AT5G11250,,,,
1162,,,AT4G39580,,,,
1163,,,AT1G62300,,,,
1164,,,AT4G01700,,,,
1165,,,AT1G02390,,,,
1166,,,AT1G64760,,,,
1167,,,AT3G26980,,,,
1168,,,AT1G57990,,,,
1169,,,AT5G01732,,,,
1170,,,AT4G21400,,,,
1171,,,AT5G06730,,,,
1172,,,AT1G66090,,,,
1173,,,AT5G54720,,,,
1174,,,AT5G63370,,,,
1175,,,AT4G25390,,,,
1176,,,AT5G38990,,,,
1177,,,AT1G30040,,,,
1178,,,AT3G08170,,,,
1179,,,AT2G47730,,,,
1180,,,AT1G23840,,,,
1181,,,AT3G13050,,,,
1182,,,AT5G16170,,,,
1183,,,AT2G16900,,,,
1184,,,AT1G61140,,,,
1185,,,AT2G31090,,,,
1186,,,AT1G06753,,,,
1187,,,AT2G02860,,,,
1188,,,AT3G23920,,,,
1189,,,AT1G56520,,,,
1190,,,AT3G57630,,,,
1191,,,AT1G08857,,,,
1192,,,AT1G73810,,,,
1193,,,AT1G09930,,,,
1194,,,AT3G03670,,,,
1195,,,AT2G30040,,,,
1196,,,AT4G19450,,,,
1197,,,AT4G40020,,,,
1198,,,AT2G20010,,,,
1199,,,AT5G17680,,,,
1200,,,AT5G59070,,,,
1201,,,AT4G00330,,,,
1202,,,AT2G47550,,,,
1203,,,AT1G72700,,,,
1204,,,AT2G39660,,,,
1205,,,AT5G01710,,,,
1206,,,AT5G45090,,,,
1207,,,AT2G41430,,,,
1208,,,AT1G47380,,,,
1209,,,AT3G58490,,,,
1210,,,AT4G20170,,,,
1211,,,AT4G04480,,,,
1212,,,AT2G29110,,,,
1213,,,AT2G25850,,,,
1214,,,AT1G65845,,,,
1215,,,AT1G55450,,,,
1216,,,AT5G18480,,,,
1217,,,AT3G00970,,,,
1218,,,AT4G17900,,,,
1219,,,AT1G31290,,,,
1220,,,AT1G74680,,,,
1221,,,AT1G21130,,,,
1222,,,AT5G58940,,,,
1223,,,AT4G37640,,,,
1224,,,AT3G26000,,,,
1225,,,AT5G25930,,,,
1226,,,AT5G51070,,,,
1227,,,AT3G59080,,,,
1228,,,AT3G56880,,,,
1229,,,AT1G09363,,,,
1230,,,AT5G57560,,,,
1231,,,AT4G26095,,,,
1232,,,AT1G21590,,,,
1233,,,AT2G17760,,,,
1234,,,AT2G46500,,,,
1235,,,AT4G00970,,,,
1236,,,AT2G22890,,,,
1237,,,AT4G07820,,,,
1238,,,AT3G51920,,,,
1239,,,AT4G39838,,,,
1240,,,AT2G41890,,,,
1241,,,AT4G22780,,,,
1242,,,AT5G08770,,,,
1243,,,AT1G31130,,,,
1244,,,AT2G40740,,,,
1245,,,AT2G46600,,,,
1246,,,AT1G28480,,,,
1247,,,AT2G23320,,,,
1248,,,AT1G13210,,,,
1249,,,AT5G13590,,,,
1250,,,AT1G05300,,,,
1251,,,AT3G19380,,,,
1252,,,AT1G76360,,,,
1253,,,AT1G18890,,,,
1254,,,AT4G40080,,,,
1255,,,AT3G19020,,,,
1256,,,AT2G19710,,,,
1257,,,AT1G32920,,,,
1258,,,AT5G17350,,,,
1259,,,AT1G79670,,,,
1260,,,AT5G06320,,,,
1261,,,AT1G64610,,,,
1262,,,AT5G58750,,,,
1263,,,AT3G09520,,,,
1264,,,AT1G30755,,,,
1265,,,AT2G25460,,,,
1266,,,AT3G62150,,,,
1267,,,AT3G16510,,,,
1268,,,AT3G53400,,,,
1269,,,AT5G39100,,,,
1270,,,AT4G23260,,,,
1271,,,AT1G22810,,,,
1272,,,AT1G19180,,,,
1273,,,AT3G20600,,,,
1274,,,AT3G57450,,,,
1275,,,AT1G08450,,,,
1276,,,AT2G36800,,,,
1277,,,AT1G58030,,,,
1278,,,AT5G47910,,,,
1279,,,AT1G07660,,,,
1280,,,AT2G39480,,,,
1281,,,AT1G53430,,,,
1282,,,AT1G50750,,,,
1283,,,AT5G56170,,,,
1284,,,AT5G52050,,,,
1285,,,AT5G23000,,,,
1286,,,AT4G33920,,,,
1287,,,AT2G24600,,,,
1288,,,AT2G31340,,,,
1289,,,AT5G01720,,,,
1290,,,AT1G09053,,,,
1291,,,AT5G41100,,,,
1292,,,AT5G44585,,,,
1293,,,AT1G72940,,,,
1294,,,AT5G06860,,,,
1295,,,AT4G11890,,,,
1296,,,AT1G73030,,,,
1297,,,AT2G32140,,,,
1298,,,AT1G33760,,,,
1299,,,AT3G04220,,,,
1300,,,AT5G52750,,,,
1301,,,AT3G63260,,,,
1302,,,AT4G08555,,,,
1303,,,AT1G69920,,,,
1304,,,AT1G25370,,,,
1305,,,AT5G41750,,,,
1306,,,AT1G61890,,,,
1307,,,AT3G49720,,,,
1308,,,AT2G30140,,,,
1309,,,AT4G25170,,,,
1310,,,AT3G07835,,,,
1311,,,AT2G40270,,,,
1312,,,AT2G27150,,,,
1313,,,AT5G58120,,,,
1314,,,AT2G19800,,,,
1315,,,AT5G10380,,,,
1316,,,AT1G67000,,,,
1317,,,AT5G48657,,,,
1318,,,AT2G44578,,,,
1319,,,AT1G20310,,,,
1320,,,AT3G28910,,,,
1321,,,AT4G26200,,,,
1322,,,AT3G53180,,,,
1323,,,AT2G39650,,,,
1324,,,AT1G29690,,,,
1325,,,AT1G65800,,,,
1326,,,AT4G28460,,,,
1327,,,AT3G18370,,,,
1328,,,AT1G67810,,,,
1329,,,AT2G47060,,,,
1330,,,AT1G15880,,,,
1331,,,AT3G51890,,,,
1332,,,AT5G26030,,,,
1333,,,AT5G36925,,,,
1334,,,AT1G67520,,,,
1335,,,AT1G69890,,,,
1336,,,AT1G67980,,,,
1337,,,AT3G07780,,,,
1338,,,AT4G24340,,,,
1339,,,AT5G33290,,,,
1340,,,AT5G22250,,,,
1341,,,AT3G05670,,,,
1342,,,AT5G11650,,,,
1343,,,AT1G74100,,,,
1344,,,AT1G21670,,,,
1345,,,AT3G48630,,,,
1346,,,AT4G23280,,,,
1347,,,AT2G01340,,,,
1348,,,AT1G17290,,,,
1349,,,AT3G50930,,,,
1350,,,AT5G57580,,,,
1351,,,AT4G21410,,,,
1352,,,AT4G20860,,,,
1353,,,AT2G28840,,,,
1354,,,AT1G19780,,,,
1355,,,AT1G75450,,,,
1356,,,AT1G64385,,,,
1357,,,AT3G52400,,,,
1358,,,AT5G05140,,,,
1359,,,AT1G19025,,,,
1360,,,AT3G16220,,,,
1361,,,AT3G03745,,,,
1362,,,AT4G15975,,,,
1363,,,AT5G02290,,,,
1364,,,AT1G70175,,,,
1365,,,AT5G64810,,,,
1366,,,AT1G34320,,,,
1367,,,AT4G30060,,,,
1368,,,AT4G02200,,,,
1369,,,AT4G01090,,,,
1370,,,AT2G08965,,,,
1371,,,AT2G47190,,,,
1372,,,AT3G50740,,,,
1373,,,AT3G44480,,,,
1374,,,AT5G41550,,,,
1375,,,AT3G46620,,,,
1376,,,AT1G22180,,,,
1377,,,AT5G24210,,,,
1378,,,AT3G53000,,,,
1379,,,AT3G28930,,,,
1380,,,AT1G53350,,,,
1381,,,AT5G08350,,,,
1382,,,AT2G08655,,,,
1383,,,AT5G05300,,,,
1384,,,AT3G02770,,,,
1385,,,AT4G22590,,,,
1386,,,AT3G10800,,,,
1387,,,AT2G02180,,,,
1388,,,AT2G47140,,,,
1389,,,AT3G22370,,,,
1390,,,AT1G30720,,,,
1391,,,AT1G32350,,,,
1392,,,AT5G38560,,,,
1393,,,AT4G24390,,,,
1394,,,AT4G14455,,,,
1395,,,AT5G27830,,,,
1396,,,AT1G18300,,,,
1397,,,AT4G08500,,,,
1398,,,AT3G62720,,,,
1399,,,AT3G52800,,,,
1400,,,AT3G21650,,,,
1401,,,AT3G55450,,,,
1402,,,AT1G78860,,,,
1403,,,AT1G61560,,,,
1404,,,AT2G37550,,,,
1405,,,AT5G11975,,,,
1406,,,AT3G62260,,,,
1407,,,AT3G23010,,,,
1408,,,AT2G24610,,,,
1409,,,AT3G54810,,,,
1410,,,AT2G35000,,,,
1411,,,AT4G00570,,,,
1412,,,AT2G23420,,,,
1413,,,AT4G08925,,,,
1414,,,AT3G55090,,,,
1415,,,AT2G41835,,,,
1416,,,AT1G02360,,,,
1417,,,AT4G30350,,,,
1418,,,AT1G05453,,,,
1419,,,AT2G46430,,,,
1420,,,AT2G30020,,,,
1421,,,AT3G51550,,,,
1422,,,AT5G01560,,,,
1423,,,AT4G37780,,,,
1424,,,AT5G48655,,,,
1425,,,AT1G50640,,,,
1426,,,AT5G49520,,,,
1427,,,AT5G36002,,,,
1428,,,AT5G41180,,,,
1429,,,AT1G73670,,,,
1430,,,AT5G45250,,,,
1431,,,AT1G06140,,,,
1432,,,AT2G07180,,,,
1433,,,AT1G70581,,,,
1434,,,AT1G18970,,,,
1435,,,AT1G29970,,,,
1436,,,AT2G33110,,,,
1437,,,AT1G70750,,,,
1438,,,AT3G13430,,,,
1439,,,AT1G72760,,,,
1440,,,AT5G44060,,,,
1441,,,AT1G19020,,,,
1442,,,AT2G44370,,,,
1443,,,AT2G37940,,,,
1444,,,AT1G09060,,,,
1445,,,AT4G34150,,,,
1446,,,AT3G46520,,,,
1447,,,AT3G50830,,,,
1448,,,AT1G21230,,,,
1449,,,AT5G02970,,,,
1450,,,AT5G58680,,,,
1451,,,AT5G52530,,,,
1452,,,AT3G28850,,,,
1453,,,AT3G07040,,,,
1454,,,AT3G57280,,,,
1455,,,AT1G73730,,,,
1456,,,AT4G22690,,,,
1457,,,AT3G47090,,,,
1458,,,AT3G17330,,,,
1459,,,AT5G56985,,,,
1460,,,AT1G74330,,,,
1461,,,AT2G34910,,,,
1462,,,AT4G18170,,,,
1463,,,AT1G17860,,,,
1464,,,AT5G57510,,,,
1465,,,AT3G52520,,,,
1466,,,AT4G37100,,,,
1467,,,AT1G13340,,,,
1468,,,AT2G25290,,,,
1469,,,AT2G41100,,,,
1470,,,AT1G14480,,,,
1471,,,AT2G29720,,,,
1472,,,AT1G61562,,,,
1473,,,AT5G39670,,,,
1474,,,AT3G57070,,,,
1475,,,AT2G13800,,,,
1476,,,AT5G53130,,,,
1477,,,AT2G02010,,,,
1478,,,AT1G16110,,,,
1479,,,AT2G40140,,,,
1480,,,AT2G44500,,,,
1481,,,AT1G15430,,,,
1482,,,AT1G27130,,,,
1483,,,AT4G19880,,,,
1484,,,AT4G23700,,,,
1485,,,AT5G03320,,,,
1486,,,AT1G63860,,,,
1487,,,AT3G08075,,,,
1488,,,AT3G60120,,,,
1489,,,AT4G10170,,,,
1490,,,AT5G58160,,,,
1491,,,AT3G02350,,,,
1492,,,AT5G20010,,,,
1493,,,AT3G16860,,,,
1494,,,AT1G55460,,,,
1495,,,AT4G35600,,,,
1496,,,AT5G04550,,,,
1497,,,AT1G18390,,,,
1498,,,AT1G51270,,,,
1499,,,AT3G55950,,,,
1500,,,AT1G50745,,,,
1501,,,AT2G32030,,,,
1502,,,AT2G28570,,,,
1503,,,AT5G36000,,,,
1504,,,AT4G35310,,,,
1505,,,AT4G14370,,,,
1506,,,AT2G23810,,,,
1507,,,AT1G69930,,,,
1508,,,AT1G20780,,,,
1509,,,AT4G15150,,,,
1510,,,AT2G15760,,,,
1511,,,AT4G33980,,,,
1512,,,AT2G36440,,,,
1513,,,AT1G15530,,,,
1514,,,AT5G45060,,,,
1515,,,AT5G11210,,,,
1516,,,AT5G64310,,,,
1517,,,AT1G17250,,,,
1518,,,AT1G78410,,,,
1519,,,AT4G22710,,,,
1520,,,AT4G03985,,,,
1521,,,AT4G32020,,,,
1522,,,AT1G59870,,,,
1523,,,AT3G05220,,,,
1524,,,AT1G51660,,,,
1525,,,AT2G31870,,,,
1526,,,AT3G12360,,,,
1527,,,AT1G61460,,,,
1528,,,AT2G39520,,,,
1529,,,AT3G59300,,,,
1530,,,AT3G54430,,,,
1531,,,AT5G06560,,,,
1532,,,AT3G07195,,,,
1533,,,AT1G53625,,,,
1534,,,AT3G49530,,,,
1535,,,AT2G33390,,,,
1536,,,AT1G34420,,,,
1537,,,AT4G30470,,,,
1538,,,AT2G24130,,,,
1539,,,AT4G17250,,,,
1540,,,AT3G11420,,,,
1541,,,AT2G23200,,,,
1542,,,AT1G18900,,,,
1543,,,AT3G21630,,,,
1544,,,AT3G13850,,,,
1545,,,AT2G17710,,,,
1546,,,AT5G44063,,,,
1547,,,AT1G10170,,,,
1548,,,AT5G63790,,,,
1549,,,AT1G07160,,,,
1550,,,AT3G47820,,,,
1551,,,AT3G23250,,,,
1552,,,AT5G15870,,,,
1553,,,AT1G74450,,,,
1554,,,AT5G52710,,,,
1555,,,AT1G74930,,,,
1556,,,AT1G01470,,,,
1557,,,AT3G05320,,,,
1558,,,AT2G40180,,,,
1559,,,AT1G80840,,,,
1560,,,AT5G48400,,,,
1561,,,AT3G54200,,,,
1562,,,AT2G13790,,,,
1563,,,AT1G60190,,,,
1564,,,AT4G23610,,,,
1565,,,AT2G35880,,,,
1566,,,AT1G71880,,,,
1567,,,AT1G01550,,,,
1568,,,AT5G51190,,,,
1569,,,AT1G16670,,,,
1570,,,AT1G17330,,,,
1571,,,AT5G66790,,,,
1572,,,AT4G02330,,,,
1573,,,AT5G62770,,,,
1574,,,AT5G62150,,,,
1575,,,AT2G29120,,,,
1576,,,AT1G53380,,,,
1577,,,AT2G29150,,,,
1578,,,AT5G43420,,,,
1579,,,AT4G19370,,,,
1580,,,AT2G18210,,,,
1581,,,AT5G06310,,,,
1582,,,AT5G64890,,,,
1583,,,AT1G66700,,,,
1584,,,AT2G44490,,,,
1585,,,AT2G41630,,,,
1586,,,AT5G67350,,,,
1587,,,AT1G37130,,,,
1588,,,AT3G45640,,,,
1589,,,AT4G18950,,,,
1590,,,AT5G39580,,,,
1591,,,AT1G26240,,,,
1592,,,AT3G48780,,,,
1593,,,AT3G22160,,,,
1594,,,AT2G44970,,,,
1595,,,AT3G43250,,,,
1596,,,AT5G01040,,,,
1597,,,AT2G11520,,,,
1598,,,AT5G52740,,,,
1599,,,AT3G48310,,,,
1600,,,AT3G19970,,,,
1601,,,AT3G19660,,,,
1602,,,AT4G23810,,,,
1603,,,AT5G63130,,,,
1604,,,AT4G29610,,,,
1605,,,AT1G02170,,,,
1606,,,AT4G16960,,,,
1607,,,AT2G36950,,,,
1608,,,AT1G65390,,,,
1609,,,AT3G26200,,,,
1610,,,AT5G42050,,,,
1611,,,AT4G40085,,,,
1612,,,AT3G17510,,,,
1613,,,AT3G11840,,,,
1614,,,AT2G35980,,,,
1615,,,AT1G67510,,,,
1616,,,AT1G32150,,,,
1617,,,AT5G67080,,,,
1618,,,AT4G01360,,,,
1619,,,AT1G61370,,,,
1620,,,AT1G07128,,,,
1621,,,AT3G05580,,,,
1622,,,AT4G14450,,,,
1623,,,AT3G56408,,,,
1624,,,AT1G70170,,,,
1625,,,AT3G61640,,,,
1626,,,AT5G43160,,,,
1627,,,AT1G09903,,,,
1628,,,AT5G40540,,,,
1629,,,AT3G46280,,,,
1630,,,AT3G26500,,,,
1631,,,AT5G08240,,,,
1632,,,AT3G53960,,,,
1633,,,AT1G74440,,,,
1634,,,AT3G25250,,,,
1635,,,AT3G55430,,,,
1636,,,AT5G54860,,,,
1637,,,AT2G22470,,,,
1638,,,AT2G29340,,,,
1639,,,AT5G46700,,,,
1640,,,AT5G24810,,,,
1641,,,AT1G51620,,,,
1642,,,AT1G61340,,,,
1643,,,AT1G17980,,,,
1644,,,AT3G03385,,,,
1645,,,AT5G02630,,,,
1646,,,AT1G30730,,,,
1647,,,AT4G20830,,,,
1648,,,AT4G23550,,,,
1649,,,AT2G36420,,,,
1650,,,AT5G59730,,,,
1651,,,AT3G20520,,,,
1652,,,AT3G15210,,,,
1653,,,AT4G23271,,,,
1654,,,AT5G28830,,,,
1655,,,AT3G54150,,,,
1656,,,AT1G13520,,,,
1657,,,AT4G31510,,,,
1658,,,AT4G24240,,,,
1659,,,AT3G49350,,,,
1660,,,AT2G37540,,,,
1661,,,AT3G24550,,,,
1662,,,AT5G67340,,,,
1663,,,AT4G18540,,,,
1664,,,AT5G62570,,,,
1665,,,AT3G61280,,,,
1666,,,AT4G26120,,,,
1667,,,AT4G18250,,,,
1668,,,AT4G38540,,,,
1669,,,AT1G18570,,,,
1670,,,AT1G50740,,,,
1671,,,AT1G55850,,,,
1672,,,AT5G62470,,,,
1673,,,AT1G28240,,,,
1674,,,AT4G11521,,,,
1675,,,AT1G71697,,,,
1676,,,AT4G04700,,,,
1677,,,AT4G01870,,,,
1678,,,AT1G33600,,,,
1679,,,AT5G09876,,,,
1680,,,AT5G64260,,,,
1681,,,AT5G58690,,,,
1682,,,AT4G01750,,,,
1683,,,AT3G22910,,,,
1684,,,AT1G02930,,,,
1685,,,AT5G42440,,,,
1686,,,AT4G26750,,,,
1687,,,AT4G07960,,,,
1688,,,AT1G56240,,,,
1689,,,AT3G44260,,,,
1690,,,AT3G56400,,,,
1691,,,AT3G13100,,,,
1692,,,AT1G79690,,,,
1693,,,AT1G17340,,,,
1694,,,AT1G05340,,,,
1695,,,AT4G25210,,,,
1696,,,AT1G06840,,,,
1697,,,AT5G27760,,,,
1698,,,AT3G21070,,,,
1699,,,AT4G28490,,,,
1700,,,AT5G26340,,,,
1701,,,AT1G21120,,,,
1702,,,AT4G01010,,,,
1703,,,AT5G60270,,,,
1704,,,AT3G25070,,,,
1705,,,AT3G17660,,,,
1706,,,AT1G03220,,,,
1707,,,AT1G22650,,,,
1708,,,AT3G46930,,,,
1709,,,AT5G53570,,,,
1710,,,AT1G12760,,,,
1711,,,AT1G15885,,,,
1712,,,AT4G14365,,,,
1713,,,AT2G35637,,,,
1714,,,AT2G17705,,,,
1715,,,AT1G69910,,,,
1716,,,AT1G68840,,,,
1717,,,AT4G23570,,,,
1718,,,AT2G32240,,,,
1719,,,AT2G01300,,,,
1720,,,AT1G61820,,,,
1721,,,AT4G37670,,,,
1722,,,AT5G44820,,,,
1723,,,AT3G57720,,,,
1724,,,AT2G31820,,,,
1725,,,AT1G21390,,,,
1726,,,AT3G01840,,,,
1727,,,AT3G11810,,,,
1728,,,AT1G65250,,,,
1729,,,AT1G73200,,,,
1730,,,AT5G42010,,,,
1731,,,AT3G60260,,,,
1732,,,AT5G11970,,,,
1733,,,AT4G25350,,,,
1734,,,AT1G73500,,,,
1735,,,AT5G54500,,,,
1736,,,AT1G26250,,,,
1737,,,AT5G28630,,,,
1738,,,AT4G13340,,,,
1739,,,AT1G06573,,,,
1740,,,AT1G30620,,,,
1741,,,AT5G05290,,,,
1742,,,AT5G02230,,,,
1743,,,AT4G16780,,,,
1744,,,AT4G22467,,,,
1745,,,AT1G74790,,,,
1746,,,AT4G24920,,,,
1747,,,AT4G34410,,,,
1748,,,AT3G53150,,,,
1749,,,AT3G55960,,,,
1750,,,AT5G03390,,,,
1751,,,AT3G19030,,,,
1752,,,AT1G09932,,,,
1753,,,AT4G18215,,,,
1754,,,AT5G44070,,,,
1755,,,AT3G47550,,,,
1756,,,AT4G24400,,,,
1757,,,AT5G05190,,,,
1758,,,AT1G63740,,,,
1759,,,AT2G42330,,,,
1760,,,AT2G20150,,,,
1761,,,AT3G57740,,,,
1762,,,AT1G08050,,,,
1763,,,AT1G29340,,,,
1764,,,AT3G11080,,,,
1765,,,AT4G01950,,,,
1766,,,AT5G51465,,,,
1767,,,AT1G34200,,,,
1768,,,AT5G58730,,,,
1769,,,AT1G19310,,,,
1770,,,AT5G20230,,,,
1771,,,AT1G69270,,,,
1772,,,AT3G45650,,,,
1773,,,AT3G18690,,,,
1774,,,AT2G31990,,,,
1775,,,AT1G11050,,,,
1776,,,AT5G48380,,,,
1777,,,AT3G25780,,,,
1778,,,AT4G23210,,,,
1779,,,AT1G70130,,,,
1780,,,AT5G57480,,,,
1781,,,AT5G61010,,,,
1782,,,AT4G21920,,,,
1783,,,AT4G37030,,,,
1784,,,AT1G61550,,,,
1785,,,AT1G58420,,,,
1786,,,AT3G14840,,,,
1787,,,AT2G26390,,,,
1788,,,AT1G14540,,,,
1789,,,AT4G19960,,,,
1790,,,AT5G19230,,,,
1791,,,AT2G42365,,,,
1792,,,AT2G04305,,,,
1793,,,AT3G18830,,,,
1794,,,AT1G13330,,,,
1795,,,AT2G44790,,,,
1796,,,AT5G57220,,,,
1797,,,AT4G15417,,,,
1798,,,AT1G56242,,,,
1799,,,AT1G13260,,,,
1800,,,AT4G37260,,,,
1801,,,AT2G41380,,,,
1802,,,AT5G44390,,,,
1803,,,AT1G53440,,,,
1804,,,AT2G23450,,,,
1805,,,AT1G35210,,,,
1806,,,AT4G01540,,,,
1807,,,AT1G16150,,,,
1808,,,AT2G29100,,,,
1809,,,AT4G21700,,,,
1810,,,AT3G11650,,,,
1811,,,AT4G30090,,,,
1812,,,AT5G14480,,,,
1813,,,AT5G05730,,,,
1814,,,AT2G28080,,,,
1815,,,AT1G52200,,,,
1816,,,AT3G14630,,,,
1817,,,AT1G66260,,,,
1818,,,AT5G67310,,,,
1819,,,AT3G18710,,,,
1820,,,AT2G08475,,,,
1821,,,AT2G17120,,,,
1822,,,AT2G31945,,,,
1823,,,AT1G05757,,,,
1824,,,AT2G17290,,,,
1825,,,AT1G20300,,,,
1826,,,AT5G67300,,,,
1827,,,AT4G07165,,,,
1828,,,AT1G68410,,,,
1829,,,AT4G39950,,,,
1830,,,AT2G36650,,,,
1831,,,AT3G10985,,,,
1832,,,AT4G23140,,,,
1833,,,AT1G53450,,,,
1834,,,AT1G05010,,,,
1835,,,AT2G12400,,,,
1836,,,AT5G49760,,,,
1837,,,AT3G07790,,,,
1838,,,AT1G51860,,,,
1839,,,AT5G13080,,,,
1840,,,AT4G28350,,,,
1841,,,AT1G78830,,,,
1842,,,AT4G34400,,,,
1843,,,AT3G50190,,,,
1844,,,AT3G15760,,,,
1845,,,AT3G10980,,,,
1846,,,AT1G62420,,,,
1847,,,AT4G25640,,,,
1848,,,AT1G63750,,,,
1849,,,AT5G08760,,,,
1850,,,AT5G37490,,,,
1851,,,AT1G59620,,,,
1852,,,AT5G57190,,,,
1853,,,AT3G60690,,,,
1854,,,AT1G76070,,,,
1855,,,AT1G32630,,,,
1856,,,AT3G14620,,,,
1857,,,AT1G27770,,,,
1858,,,AT1G50600,,,,
1859,,,AT5G47590,,,,
1860,,,AT2G27660,,,,
1861,,,AT1G42980,,,,
1862,,,AT2G09735,,,,
1863,,,AT5G66650,,,,
1864,,,AT5G40170,,,,
1865,,,AT5G59490,,,,
1866,,,AT5G22060,,,,
1867,,,AT3G25400,,,,
1868,,,AT1G30757,,,,
1869,,,AT4G33985,,,,
1870,,,AT5G48660,,,,
1871,,,AT4G27720,,,,
1872,,,AT1G08667,,,,
1873,,,AT2G01670,,,,
1874,,,AT1G06130,,,,
1875,,,AT3G08870,,,,
1876,,,AT1G75000,,,,
1877,,,AT1G17420,,,,
1878,,,AT1G35140,,,,
1879,,,AT5G59790,,,,
1880,,,AT1G63350,,,,
1881,,,AT2G18150,,,,
1882,,,AT4G23320,,,,
1883,,,AT1G19300,,,,
1884,,,AT4G30270,,,,
1885,,,AT5G59080,,,,
1886,,,AT4G11070,,,,
1887,,,AT1G50460,,,,
1888,,,AT4G19520,,,,
1889,,,AT1G45207,,,,
1890,,,AT5G61210,,,,
1891,,,AT5G48385,,,,
1892,,,AT4G01720,,,,
1893,,,AT4G39670,,,,
1894,,,AT4G33050,,,,
1895,,,AT4G18195,,,,
1896,,,AT3G26210,,,,
1897,,,AT5G47850,,,,
1898,,,AT2G32680,,,,
1899,,,AT4G32060,,,,
1900,,,AT4G30910,,,,
1901,,,AT4G02420,,,,
1902,,,AT4G37610,,,,
1903,,,AT1G05020,,,,
1904,,,AT3G48640,,,,
1905,,,AT3G23170,,,,
1906,,,AT5G52670,,,,
1907,,,AT4G30440,,,,
1908,,,AT3G24530,,,,
1909,,,AT2G18685,,,,
1910,,,AT5G58110,,,,
1911,,,AT5G46295,,,,
1912,,,AT4G38550,,,,
1913,,,AT5G13190,,,,
1914,,,AT2G39200,,,,
1915,,,AT5G23520,,,,
1916,,,AT1G74590,,,,
1917,,,AT1G21080,,,,
1918,,,AT5G04390,,,,
1919,,,AT1G01260,,,,
1920,,,AT1G10340,,,,
1921,,,AT4G27280,,,,
1922,,,AT2G37820,,,,
1923,,,AT1G65490,,,,
1924,,,AT2G17040,,,,
1925,,,AT1G32928,,,,
1926,,,AT4G23470,,,,
1927,,,AT2G20562,,,,
1928,,,AT1G21010,,,,
1929,,,AT2G01450,,,,
1930,,,AT1G26255,,,,
1931,,,AT2G39518,,,,
1932,,,AT3G46690,,,,
1933,,,AT5G25440,,,,
1934,,,AT2G38470,,,,
1935,,,AT4G04960,,,,
1936,,,AT1G05767,,,,
1937,,,AT3G58790,,,,
1938,,,AT3G21640,,,,
1939,,,AT4G36032,,,,
1940,,,AT1G04780,,,,
1941,,,AT2G34930,,,,
1942,,,AT1G70140,,,,
1943,,,AT5G49480,,,,
1944,,,AT3G07600,,,,
1945,,,AT5G39000,,,,
1946,,,AT1G51790,,,,
1947,,,AT4G08950,,,,
1948,,,AT3G57640,,,,
1949,,,AT3G17410,,,,
1950,,,AT5G24380,,,,
1951,,,AT5G01950,,,,
1952,,,AT1G02400,,,,
1953,,,AT4G23220,,,,
1954,,,AT4G34710,,,,
1955,,,AT1G27730,,,,
1956,,,AT1G07000,,,,
1957,,,AT2G37110,,,,
1958,,,AT3G15810,,,,
1959,,,AT5G13200,,,,
1960,,,AT3G57550,,,,
1961,,,AT1G27330,,,,
1962,,,AT5G46500,,,,
1963,,,AT1G17380,,,,
1964,,,AT5G60900,,,,
1965,,,AT1G14370,,,,
1966,,,AT5G62070,,,,
1967,,,AT5G25920,,,,
1968,,,AT1G61660,,,,
1969,,,AT1G65850,,,,
1970,,,AT1G15625,,,,
1971,,,AT5G12340,,,,
1972,,,AT3G21220,,,,
1973,,,AT1G69900,,,,
1974,,,AT1G59124,,,,
1975,,,AT1G31540,,,,
1976,,,AT1G61470,,,,
1977,,,AT1G17750,,,,
1978,,,AT5G36880,,,,
1979,,,AT2G23770,,,,
1980,,,AT1G59970,,,,
1981,,,AT1G03730,,,,
1982,,,AT3G56050,,,,
1983,,,AT5G09800,,,,
1984,,,AT3G44840,,,,
1985,,,AT3G15518,,,,
1986,,,AT3G19553,,,,
1987,,,AT3G54100,,,,
1988,,,AT4G12040,,,,
1989,,,AT1G33590,,,,
1990,,,AT3G44670,,,,
1991,,,AT4G22030,,,,
1992,,,AT1G33560,,,,
1993,,,AT1G64380,,,,
1994,,,AT3G23280,,,,
1995,,,AT4G25900,,,,
1996,,,AT4G12070,,,,
1997,,,AT3G59660,,,,
1998,,,AT5G01255,,,,
1999,,,AT4G31000,,,,
2000,,,AT3G21780,,,,
2001,,,AT3G23230,,,,
2002,,,AT2G36780,,,,
2003,,,AT1G14870,,,,
2004,,,AT1G76600,,,,
2005,,,AT5G35735,,,,
2006,,,AT3G45290,,,,
2007,,,AT2G43000,,,,
2008,,,AT2G26530,,,,
2009,,,AT1G42990,,,,
2010,,,AT5G61380,,,,
2011,,,AT2G34300,,,,
2012,,,AT3G60415,,,,
2013,,,AT3G13437,,,,
2014,,,AT4G17615,,,,
2015,,,AT3G29400,,,,
2016,,,AT2G28400,,,,
2017,,,AT5G56340,,,,
2018,,,AT2G17220,,,,
2019,,,AT2G47650,,,,
2020,,,AT2G26560,,,,
2021,,,AT5G18140,,,,
2022,,,AT1G09970,,,,
2023,,,AT1G72950,,,,
2024,,,AT1G64280,,,,
2025,,,AT4G11900,,,,
2026,,,AT1G25682,,,,
2027,,,AT5G01830,,,,
2028,,,AT5G62620,,,,
2029,,,AT4G36650,,,,
2030,,,AT1G71400,,,,
2031,,,AT4G02195,,,,
2032,,,AT1G55920,,,,
2033,,,AT3G55840,,,,
2034,,,AT1G67856,,,,
2035,,,AT4G18430,,,,
2036,,,AT5G66080,,,,
2037,,,AT5G25170,,,,
2038,,,AT4G21570,,,,
2039,,,AT4G35485,,,,
